{"cameraMode":{"drawMode":0,"name":"Shaded","section":"Shading Mode"},"sceneLighting":true,"audioPlay":false,"sceneViewState":{"m_AlwaysRefresh":false,"showFog":true,"showSkybox":true,"showFlares":true,"showImageEffects":true,"showParticleSystems":true,"showVisualEffectGraphs":true,"m_FxEnabled":true},"in2DMode":false,"pivot":{"x":120.11077880859375,"y":163.08761596679688,"z":-294.59710693359377},"rotation":{"x":-0.13426542282104493,"y":-0.7586962580680847,"z":0.16555172204971314,"w":-0.6155197620391846},"size":17.36634063720703,"orthographic":false}