{"cameraMode":{"drawMode":0,"name":"Shaded","section":"Shading Mode"},"sceneLighting":true,"audioPlay":false,"sceneViewState":{"m_AlwaysRefresh":false,"showFog":true,"showSkybox":true,"showFlares":true,"showImageEffects":true,"showParticleSystems":true,"showVisualEffectGraphs":true,"m_FxEnabled":true},"in2DMode":false,"pivot":{"x":341.4312744140625,"y":168.79550170898438,"z":-130.77536010742188},"rotation":{"x":0.08270969986915589,"y":0.01195442583411932,"z":-0.0009932060493156314,"w":0.9965062737464905},"size":51.819854736328128,"orthographic":false}